Adams Classrooms, Davison, 528
Davison, AE Philips, 2112
AE Philips, F. Jay Taylor, 211
AE Philips, Biomed, 1584
F. Jay Taylor, Biomed, 1584
Biomed, Institute for Micromanufacturing, 1584
AE Philips, Institute for Micromanufacturing, 370
F. Jay Taylor, Band, 528
Band, Woodard, 528
Woodard, Robinson, 53
Robinson, Hale, 53
F. Jay Taylor, Memorial Gym, 1056
Memorial Gym, Robinson, 264
GTMH, Hale, 1056
AE Philips, GTMH, 2112
GTMH, Business, 1584
Business, University, 1056
Early Education Center, Business, 1056
Business, Nethken, 528
Nethken, Bogard, 211
Nethken, Engineering Annex, 211
Engineering Annex, Carson-Taylor, 528
Carson-Taylor, Bogard, 475
Bogard, Howard, 159
Bogard, Business, 528
Davison, Adams Classrooms, 528
AE Philips, Davison, 2112
F. Jay Taylor, AE Philips, 211
Biomed, AE Philips, 1584
Biomed, F. Jay Taylor, 1584
Institute for Micromanufacturing, Biomed, 1584
Institute for Micromanufacturing, AE Philips, 370
Band, F. Jay Taylor, 528
Woodard, Band, 528
Robinson, Woodard, 53
Hale, Robinson, 53
Memorial Gym, F. Jay Taylor, 1056
Robinson, Memorial Gym, 264
Hale, GTMH, 1056
Business, GTMH, 1584
University, Business, 1056
Business, Early Education Center, 1056
Nethken, Business, 528
Bogard, Nethken, 211
Engineering Annex, Nethken, 211
Carson-Taylor, Engineering Annex, 528
Bogard, Carson-Taylor, 475
Howard, Bogard, 159
Business, Bogard, 528
